{
  "광고성_단어사전": {
    "description": "광고성 게시글 분류에 사용되는 주요 키워드와 가중치",
    "total_words": 150,
    "words": {
      "협찬": 942.9133886501237,
      "official": 638.3036431635254,
      "광고": 550.0495473473313,
      "이벤트": 498.27867774206607,
      "제공": 355.57570941649413,
      "링크": 238.12167758962536,
      "dm": 212.59502393978616,
      "https": 106.88772565665258,
      "문의": 99.60293999341542,
      "공구": 87.76353621293657,
      "010": 81.32771782883907,
      "com": 73.08783885898305,
      "카톡": 71.17850448740182,
      "디엠": 53.4647546336721,
      "후기": 41.07473473421972,
      "당첨": 26.7022926256362,
      "제품": 19.383384297987973,
      "체험": 18.485917106831785,
      "repost": 17.72996296328978,
      "소중": 16.73990220153212,
      "리그": 16.677399740714826,
      "드립니다": 16.519963827627084,
      "고객": 13.801244531678662,
      "공식": 12.561394549659834,
      "클릭": 11.297830421620148,
      "기회": 9.77072261571426,
      "주세요": 9.718517432060736,
      "프로필": 9.448066279236373,
      "카카오톡": 8.464188014413246,
      "누구": 7.539427211736648,
      "합니다": 6.651720992782216,
      "예정": 6.381353761263668,
      "할인": 6.256033782649279,
      "오픈": 5.625305805380832,
      "너무나": 5.230833051261136,
      "상담": 5.151409852536091,
      "찰떡": 4.2480706332291245,
      "공휴일": 4.116428038190406,
      "감사": 4.1102495177078495,
      "http": 4.03593365252982,
      "가능": 3.914846233420306,
      "증정": 3.889029791797384,
      "모두": 3.8429915352006336,
      "꼼꼼": 3.7881676431809623,
      "창업": 3.469033262629864,
      "www": 3.3793734888776275,
      "구경": 3.2034806108688425,
      "라인": 3.1972720088747777,
      "출고": 3.1050008281661547,
      "상단": 3.099296580875489,
      "맛집": 3.0891780906352424,
      "계정": 3.018411396358344,
      "가슴": 2.969223376601576,
      "바지": 2.9129877468901952,
      "02": 2.7900730560571283,
      "no": 2.7334027417087814,
      "높": 2.6717013367783786,
      "진행": 2.5896185396735385,
      "아웃도어": 2.519662490923565,
      "빠른": 2.47629043454117,
      "잇": 2.448477526626302,
      "삼겹살": 2.44231278700423,
      "하단": 2.4273221553050917,
      "2": 2.403249003551791,
      "없이": 2.3865569187321274,
      "너무": 2.3835630507636156,
      "단": 2.372256985909998,
      "기간": 2.331414898161103,
      "인테리어": 2.3005722255981635,
      "with": 2.290993941042264,
      "요새": 2.262375971449474,
      "생기": 2.248745441514407,
      "주문": 2.2330874853157088,
      "어떠세요": 2.1822289513697797,
      "빠지": 2.1631029159912076,
      "조합": 2.1466803166448116,
      "어디": 2.1250322983817616,
      "당첨자": 2.1243540035942488,
      "전문": 2.0911440442244,
      "sofa": 1.9381953359115869,
      "함께": 1.9208703480007265,
      "연인": 1.8786456582354276,
      "붙": 1.8781512435455063,
      "선착순": 1.8454627285484548,
      "x": 1.8274905190538155,
      "자연": 1.7731180807386062,
      "작업": 1.6690310366058112,
      "홈페이지": 1.6631891242941492,
      "11": 1.6443208661578446,
      "소식": 1.624218456956421,
      "팝업": 1.576327335126681,
      "참여": 1.5640337884897184,
      "식감": 1.5621052574871843,
      "by": 1.5341063144584872,
      "free": 1.5329985730386397,
      "자료": 1.504082143762857,
      "시그": 1.4907378435555358,
      "상황": 1.459114437778176,
      "답니다": 1.4228011453235232,
      "깔끔": 1.4154666813790233,
      "thanks": 1.4106918482052606,
      "모집": 1.4004545447568812,
      "*": 1.3948241821423064,
      "up": 1.3564629482345616,
      "착용": 1.3438670722300357,
      "빠르": 1.3434991395018283,
      "반지": 1.3433099358402956,
      "단체": 1.3349261513251918,
      "하의": 1.3294679854720926,
      "메이드": 1.3262308090655122,
      "귀엽": 1.3216826399831483,
      "천연": 1.3126314169711735,
      "810": 1.3028782606124878,
      "우리": 1.2835460314256864,
      "많이": 1.282019427057373,
      "랄까": 1.2615899842183382,
      "어울려요": 1.2292682263278039,
      "이번": 1.2267792667223067,
      "사용": 1.2252862187176727,
      "스포츠": 1.2237953499488512,
      "차량": 1.219703743975959,
      "체크": 1.213768093921888,
      "부담없이": 1.2117477519994253,
      "봄": 1.1819704991425979,
      "off": 1.1723119631836312,
      "얼른": 1.1710108384890248,
      "방법": 1.1654633216221,
      "성분": 1.1606191306160794,
      "상": 1.1404720245968587,
      "포인트": 1.1333612394487262,
      "화사": 1.1307747641062862,
      "컬렉션": 1.120575281968219,
      "옷": 1.107629197538761,
      "그대로": 1.091619287952711,
      "발표": 1.0815943620670652,
      "샷": 1.0487474912173926,
      "들어가": 1.048130590467845,
      "랍니다": 1.0409825040397302,
      "하나": 1.0395254739174535,
      "그램": 1.0395075505707552,
      "향": 1.034878019103367,
      "틴트": 1.0345944908961218,
      "smartstorenaver": 1.0345010519214952,
      "5": 1.0343783148243189,
      "14": 1.0321304546185412,
      "감소": 1.023528487546804,
      "필드": 1.0215302906899666,
      "드렸": 1.0058864031450838,
      "피아노": 1.0016296069079544,
      "린": 0.9951535279432606
    }
  }
}